{"assets/OpenSans-Bold.ttf":["assets/OpenSans-Bold.ttf"],"assets/OpenSans-Regular.ttf":["assets/OpenSans-Regular.ttf"],"assets/appLogo.png":["assets/appLogo.png"],"assets/loginpagebg.svg":["assets/loginpagebg.svg"],"assets/loginpagebgg.svg":["assets/loginpagebgg.svg"],"assets/loginpagebggg.svg":["assets/loginpagebggg.svg"],"assets/logo.png":["assets/logo.png"],"assets/logo.svg":["assets/logo.svg"],"assets/pintar.png":["assets/pintar.png"],"assets/pintarCare.png":["assets/pintarCare.png"],"packages/cupertino_icons/assets/CupertinoIcons.ttf":["packages/cupertino_icons/assets/CupertinoIcons.ttf"]}